[
  {
    "id": 1,
    "test_id": 1,
    "option1_text": "20 September 2019",
    "option2_text": "14 January 2017",
    "option3_text": "25 October 2016",
    "option4_text": "28 March 2018",
    "option1": "1",
    "option2": "2",
    "option3": "3",
    "option4": "4",
    "answer": "2"
  },
  {
    "id": 2,
    "test_id": 1,
    "option1_text": "20 September 2020",
    "option2_text": "14 January 2017",
    "option3_text": "25 October 2016",
    "option4_text": "28 March 2018",
    "option1": "1",
    "option2": "2",
    "option3": "3",
    "option4": "4",
    "answer": "3"
  },
  {
    "id": 3,
    "test_id": 1,
    "option1_text": "20 September 2021",
    "option2_text": "14 January 2017",
    "option3_text": "25 October 2016",
    "option4_text": "28 March 2018",
    "option1": "1",
    "option2": "2",
    "option3": "3",
    "option4": "4",
    "answer": "2"
  },
  {
    "id": 4,
    "test_id": 1,
    "option1_text": "20 September 2022",
    "option2_text": "14 January 2017",
    "option3_text": "25 October 2016",
    "option4_text": "28 March 2018",
    "option1": "1",
    "option2": "2",
    "option3": "3",
    "option4": "4",
    "answer": "3"
  }
  ]